id,eventId,minute,second,teamId,x,y,expandedMinute,period,type,playerName,matchId,recipient
1,1,0,10,1,50,50,0,FirstHalf,Pass,Player1,1,Player2
2,2,1,15,1,60,60,1,FirstHalf,Pass,Player2,1,Player3
3,3,2,20,1,70,70,2,FirstHalf,Pass,Player3,1,Player4
4,4,3,25,1,80,80,3,FirstHalf,Pass,Player4,1,Player5
5,5,4,30,1,90,90,4,FirstHalf,Pass,Player5,1,Player6
6,6,15,0,1,,,15,FirstHalf,SubstitutionOff,Player6,1,
8,8,15,0,1,,,15,FirstHalf,SubstitutionOn,Player7,1,
7,7,30,0,1,,,30,SecondHalf,SubstitutionOff,Player1,1,
9,9,30,0,1,,,30,SecondHalf,SubstitutionOn,Player8,1,
